13.59300755,35.8674286,43.61271445,27.63662282,9.815160306,3.293652778,6.12294303,5.252463362,16.50849515,23.89654126,21.95873786,13.69387136,6.924453883,2.248938107,3.474362864,5.847542476,10.20742358,51.65829694,110.2860262,41.24672489,7.259825328,-2.315502183,-2.634279476,-0.544759825,8.096774194,38.23685345,122.0163241,38.49048274,7.708404345,-1.134514692,0.678630829,-0.107266791,29.13635622,29.62257381,20.07018975,28.95307998,20.48067199,2.122655358,6.396672647,7.066982004,53.8974359,87.67948718,69.57692308,136.5,52.74358974,4.038461538,9.384615385,12.05128205,22.56910147,54.14147126,54.03356505,96.72618801,26.45102718,-0.928615895,2.332278481,2.203776717,8.215418768,9.851130445,19.95668073,51.41843942,86.01916516,36.11752282,14.4074206,8.61965718,3.603120085,13.98186801,74.91087687,176.6194029,120.7072158,172.1347402,33.46765125,5.078397517,-5.152092916,12.12105915,114.4560328,153.1787737,43.80254851,183.0805855,38.92001149,-0.940690912,3.189016797,15.91224815,79.25090812,148.962997,64.67966596,138.767281,31.25286944,5.521994889,5.686719407,17.5550883,53.82362758,73.35343798,48.91260944,73.82197584,31.08608597,7.65315464,0.451069197,6.954069125,31.9825102,33.77410222,20.99748728,78.04167999,24.08013968,3.600216825,2.855546713,10.98209667,8.217739105,7.796874046,7.68646574,8.030988693,9.298380852,20.21770859,5.12960577,17.03299141,20.18247986,20.97286224,20.86936188,27.69247627,20.73782349,16.10596085,3.096903324,7.831262112,39.22898483,29.95001602,12.51974678,41.02049637,13.56500721,4.126323223
14.6297204,37.0422898,44.19786925,28.45355875,10.36877907,3.714950233,6.672510379,6.207947782,17.47375607,25.08707524,23.89790655,14.12287621,7.60785801,2.991201456,3.811134709,6.458282767,11.30458515,56.98580786,117.1735808,43.55021834,8.038209607,-2.801310044,-2.076419214,0.070960699,8.453707316,39.163857,131.8146855,37.93234225,7.813925792,-1.012874479,0.690437568,-0.035276483,31.89990757,32.20937313,21.64073289,31.04528897,22.15369978,2.467460447,6.592290545,8.311966509,63.20512821,88.88461538,78.3974359,150.2435897,53.57692308,3.217948718,8.076923077,3.012820513,24.57262918,57.65521893,55.38576468,103.85884,28.73884623,-0.453206059,3.296067649,2.984592239,6.862478929,8.676196685,18.92122181,50.38186497,85.57461472,34.32182741,13.5340012,7.456943463,3.218128515,13.45639476,73.07108021,186.0295857,135.727838,170.3161009,32.51382138,4.599287001,-5.110890691,13.37875256,120.9909148,156.4360725,43.9057218,181.4448253,40.90685387,-0.301500354,3.884166822,17.42312744,82.10836817,154.4554645,67.05078572,148.3247138,34.53736163,7.267231888,6.179797561,18.42007044,56.90839249,79.34101492,52.66215032,81.61527803,33.13924321,7.78072059,0.929992747,7.05461242,31.96330957,35.88189945,22.06105852,90.92104472,21.3519407,3.143830688,2.418640614,8.669796944,7.488014698,7.413843632,7.432637691,7.588644981,8.081008911,14.68069363,4.605689049,15.60436153,19.30884933,19.24111938,18.6574192,27.24900055,20.31822205,13.90626812,2.482832193,6.222306728,26.79927826,17.507267,7.345667362,26.90922546,11.89335155,3.911695004
14.9297254,36.83059071,42.33134097,27.839994,10.91416996,4.608362927,7.619616866,6.928675036,18.61620146,25.46222694,22.88000607,13.70206311,7.58753034,3.044296117,4.369387136,6.51410801,13.44759825,59.20742358,117.6659389,42.84716157,9.027292576,-2.807860262,0.199781659,0.633187773,8.077986078,37.58335558,133.7445022,34.33424365,7.290240447,-0.276934765,1.218660808,0.684955134,33.64062415,33.94612081,22.93861795,31.70380036,22.66797151,2.722557495,6.776545425,9.318001414,62.06410256,92.58974359,71.07692308,147.8076923,54.15384615,-4.820512821,6.576923077,4.205128205,26.19770699,60.46316663,55.48692675,108.5084561,30.0273397,0.210468977,3.765563395,3.306858269,5.034773193,6.665188084,16.45088996,47.12576372,83.36289239,30.7123677,11.40388616,5.378472306,1.307149732,9.795248699,64.17240939,190.807736,155.7628687,147.2340674,28.33958267,2.634530742,-3.960113567,14.2275938,119.2332192,114.3479876,29.07474029,174.1582467,41.55979524,0.332496045,4.561702952,19.45502782,89.69443953,179.2593615,75.65659933,162.2354842,38.85855484,8.32991819,5.778663046,17.95908898,60.34427117,88.1862488,58.80184505,87.42633146,33.20293331,6.71669846,0.123697738,6.034424369,31.98920778,35.25750394,20.49686304,94.22218473,19.94578482,1.838971339,2.258068323,7.679451466,6.967519283,6.743676662,6.882120609,6.961776257,7.343523979,12.03960419,3.613540649,12.84393501,16.04937744,15.25959587,15.23408985,25.42643738,17.27147102,10.40560532,3.32400918,7.516064167,27.28005981,17.91146278,9.170102119,34.82903671,12.51229382,3.904548645
14.84357025,34.79927975,37.69789426,25.04661632,10.71780123,5.010753764,7.708297904,7.378757565,19.36498786,25.39699636,21.42081311,14.72163228,8.347694175,3.110436893,4.388046117,7.085103155,14.25545852,55.90829694,109.9203057,42.29803493,10.1058952,-1.755458515,1.799126638,1.586244541,7.346892261,33.48469231,131.6702121,28.73111435,6.171023182,0.011786206,1.695899468,1.271616599,35.40493666,34.35872343,23.2173653,32.46985266,24.43636166,2.95840809,7.510248464,10.37302235,60.87179487,95.74358974,72.64102564,147.5897436,54.84615385,-8.269230769,8.769230769,10.84615385,27.30384935,62.1399668,55.10048765,111.6552708,30.25809297,0.145777132,3.588918863,3.500051878,2.366828789,3.730414097,12.10839315,35.43927067,61.89018251,23.04793802,7.671842322,2.177518903,-3.654268825,1.10163396,39.1308082,150.5045529,145.6783113,70.80107678,17.04505167,-0.843869755,-3.069507999,13.60439446,94.01441607,18.49319255,2.286999753,117.0369844,37.35492271,1.24466177,3.531765531,18.14135174,92.63583732,190.3439715,79.97918427,158.601703,37.62829118,7.007203443,3.429924022,15.22094341,58.40794022,85.71917433,57.71740466,79.69894499,30.20302982,4.556332585,-1.993731301,4.10279214,29.56753131,29.62951301,17.10427748,70.20054696,19.58821077,0.616654561,2.298609257,8.283615112,6.306360722,5.631501198,5.871286392,6.097472668,7.175748348,14.90354538,1.719042182,7.066819668,8.136658669,7.51409626,8.698266983,16.15933228,8.265023232,4.779216766,3.808283329,8.35426712,38.06852341,29.11498451,12.8789959,47.4659996,12.92327404,3.661028385
13.77579653,30.96933927,30.87348072,22.30715751,9.972890512,5.034737158,7.973740809,7.369729405,20.63228155,26.23225121,19.32008495,15.02275485,8.467991505,3.173088592,3.869083738,7.235436893,13.21943231,48.07423581,93.42467249,36.50873362,11.30458515,0.727074236,2.406113537,4.59279476,6.232520893,27.98484631,121.4817766,20.94511406,5.278639042,0.553048192,2.000841872,2.088211741,37.19349753,34.23916707,22.11977383,33.76306203,29.04267928,3.745555374,9.594356549,12.06926548,58.06410256,99.33333333,73.11538462,138.3974359,55.24358974,-0.974358974,13.55128205,12.69230769,26.96399668,61.33316041,54.15412949,106.6885765,27.14852667,0.096493048,2.692052293,3.722971571,-1.423632944,-0.504295979,5.72695212,16.65624513,25.14484911,11.38197949,2.368864825,-2.111122041,-9.10201422,-8.260178383,0.603225867,77.5448028,115.1002009,-35.31163244,1.999256334,-3.975417648,-2.241865606,13.06414034,57.83403536,-83.04778774,-19.05415237,41.45125259,29.90666731,2.370153722,0.067933954,12.22661921,82.41648075,174.2536423,73.56186106,115.4396869,26.7787892,3.039561651,0.0296712,11.48680794,51.13575447,74.91296206,50.37773405,65.38923279,25.24367169,2.196631862,-2.642830205,3.118647242,25.6548449,26.05110844,16.12837397,56.20029639,16.13688114,-0.025614702,1.70506525,6.242714405,4.303672791,3.790556908,4.023081303,4.49419117,5.520525932,12.43507195,-0.128118798,1.127096415,1.681313634,-1.309456468,0.012644908,6.629418373,2.580050468,-1.276561618,2.1007514,4.872832775,29.70331764,21.92573929,6.747869015,28.98598099,9.709704399,2.783211946
11.68126344,24.11679088,20.37220527,18.877132,9.17728705,4.653528735,7.262316811,6.580978342,23.078125,30.70570388,18.1715716,20.97648665,10.77624393,2.695995146,4.41246966,7.765776699,11.95960699,32.78820961,62.60480349,28.26965066,11.11681223,1.757641921,3.43558952,5.540393013,5.215272787,20.47343997,105.7969036,12.40354408,4.096794727,0.959713353,2.173959467,2.461037761,44.10726907,30.56766161,18.85804382,40.06486163,54.72853803,6.717718697,20.37481651,19.71201,54.37179487,82.62820513,71.26923077,89.03846154,55.20512821,1.166666667,20.12820513,23.88461538,21.31163104,54.68141731,52.35380784,78.45341357,12.73806806,-0.399356713,-0.604845404,2.259856817,-6.250813085,-6.389191012,-2.690490131,-2.855238121,-6.610599823,-2.729838895,-4.660833647,-7.453402203,-11.06752806,-11.94870432,-33.74642577,27.11571619,106.8289348,-109.404962,-7.938429079,-4.896648636,-0.015227895,14.97477773,35.34361159,-153.6228803,-31.03147612,34.04390539,28.36143913,4.214565576,-5.372314416,3.322200434,59.7060918,163.0325125,66.33080694,19.9093611,7.538143046,-2.57857019,-3.724804528,6.53918515,41.41427259,66.75946612,46.31962546,51.63390065,17.67295879,-1.004262489,-1.881030124,2.716194913,23.61266747,26.8821827,15.86887933,74.21169005,10.4171278,-1.334266136,0.385416627,0.740483761,0.959196389,1.150599837,1.246936083,1.874088049,1.590309024,-0.499640644,-1.265690923,-2.652552843,-0.077642493,-10.94025135,-10.5627327,4.727172852,7.08614397,-7.142615318,0.646274626,1.876914263,6.933572769,-0.002454614,-1.987291217,4.002121449,6.668557644,2.050149679
7.449632371,11.36132646,4.240409143,14.53548742,8.337993298,4.390011504,6.809583354,4.942154754,34.07099515,46.2654733,19.09557039,39.81720267,17.49544903,2.41413835,5.801425971,8.327821602,6.996724891,5.743449782,10.26091703,14.93231441,8.659388646,2.209606987,6.963973799,4.467248908,3.867641322,11.67023264,79.17326133,1.791585388,2.784439745,1.874068294,2.901562596,3.215970925,53.88441255,13.32197031,10.30212581,43.8967542,98.02522699,13.31898005,37.28309683,31.91328223,44.83333333,29.64102564,47.66666667,-24,57.80769231,8.743589744,27.69230769,32.83333333,3.597063706,31.0525524,46.38908487,-7.129228056,-19.65444076,-1.711247147,-5.82895829,-0.462336584,-11.92978532,-13.84137495,-13.54754685,-27.4295063,-44.28537272,-21.23929818,-13.70402986,-13.85451477,-10.44484663,-11.1514831,-53.88505492,-12.55483471,98.2865364,-152.5320213,-11.51564738,-4.264642113,2.523602954,17.56820228,13.63436753,-223.2743021,-53.21611588,65.94863967,35.48759529,7.932301152,-12.47650351,-8.967497183,19.35519134,146.9136385,58.91246362,-136.9118415,-19.13819444,-9.317932802,-9.431200073,-3.282059946,20.35324023,39.91573773,36.35308481,11.72229949,2.699038384,-6.832007447,-4.38715008,-1.019408427,18.83408664,14.74628308,4.709181355,45.97895278,6.447735571,-3.7793138,-0.770789206,-3.214350462,-2.648403645,-2.326472282,-2.233484745,-1.657175779,-3.057607651,-14.00757599,-3.711006641,-10.47453117,-10.16497898,-29.4058609,-28.62257195,-7.129759312,4.312577724,-17.4543972,2.138600111,4.892285824,12.35018063,5.387444019,3.650588274,24.46653748,8.514903069,2.084677458
-1.068098835,-13.98762067,-23.01292953,2.379957985,4.334367028,2.57480118,3.275546441,1.253238634,33.33965413,46.13091626,11.09283981,48.10512743,16.2962682,1.671268204,4.446450243,3.300667476,-2.203056769,-34.03275109,-72.59279476,-3.879912664,5.340611354,3.561135371,7.859170306,4.139737991,2.583088643,-2.713188641,30.99236155,-12.13662964,1.032401799,2.874807499,3.261432003,4.10708199,39.74599032,-26.3275159,-4.414505518,17.70276736,103.3226227,17.86962431,42.20225086,37.12423204,6.141025641,-75.58974359,0.743589744,-204.5641026,41.33333333,28.15384615,38.67948718,39.65384615,-24.12248392,-23.47623988,19.23754928,-145.4791451,-54.49839178,-0.709535173,-6.085702428,-0.987238016,-18.14288036,-21.89404068,-27.02543669,-71.81801637,-132.8676232,-48.73984106,-23.97311505,-20.73580717,-11.91245767,-13.65661844,-74.36486659,-140.1025073,-8.408597278,-246.1879274,-19.210238,-4.116842981,2.55729456,14.7259176,-58.83705956,-332.5189531,-98.37875396,-42.59108194,34.07873311,13.55714891,-20.44163489,-26.32011359,-56.04812543,24.74720444,20.3028481,-342.3365691,-53.30001049,-16.74188399,-17.84563213,-19.16085778,-29.99271986,-51.55976363,-10.30763882,-92.53471249,-23.18772021,-14.43608185,-11.49488932,-10.726771,-4.950178506,-32.76453814,-27.25784148,-131.0916114,-5.296326463,-4.840499565,-2.019294262,-6.238557816,-7.261371613,-7.06919384,-6.552997112,-6.385288239,-9.136016846,-29.13726997,-10.38342285,-31.99324989,-45.57426071,-63.7091713,-59.80990982,-60.57867813,-33.7081337,-37.38101196,1.993364334,3.966360569,30.466259,26.95952988,9.316543579,41.91889572,5.695637226,0.825160444
-17.66098134,-62.17341069,-68.28607513,-30.87020457,-6.894012905,-0.624668634,-5.000300105,-5.768193868,-18.57175364,-25.22057039,-22.03868325,11.74135316,-6.307342233,-1.880006068,-5.257129854,-14.34996966,-12.43886463,-87.78820961,-190.1659389,-35.75982533,2.133187773,5.756550218,6.601528384,4.057860262,0.582780641,-33.05930063,-103.0205335,-45.48212562,0.580172892,7.023798279,7.502659083,9.39288721,-48.06415484,-87.20306638,-19.02234546,-78.70738868,-34.00924265,13.09944,7.872723319,17.75371065,-102.8846154,-241.7179487,-103.8205128,-440.5769231,-85.52564103,33.28205128,25.67948718,28.97435897,-53.71171405,-118.1999896,-53.90137995,-301.2131148,-73.35328906,4.632236979,2.788649097,2.795237601,-23.80979407,-28.48991363,-41.13495753,-135.9608739,-278.1083772,-83.13474697,-32.86030599,-26.42017862,-15.70011426,-21.61996199,-114.3433664,-391.5319958,-243.2269527,-425.040533,-38.33977053,-4.344919462,1.691893714,2.174214622,-202.7750199,-447.1483523,-146.0794865,-383.1998908,-0.241399213,19.33127034,-25.64248661,-43.91376698,-166.1077746,-264.1682628,-76.24276235,-530.3581948,-87.42032193,-22.08753871,-24.65126035,-34.1060118,-109.2203152,-206.3557568,-102.8034465,-243.2034284,-54.82873914,-19.02826381,-15.73354099,-23.73050823,-60.27905934,-111.0846032,-73.81558142,-419.6866067,-49.03360362,-2.687804586,-5.477989674,-20.42630386,-15.5441618,-13.34436226,-12.16766262,-12.93367195,-21.20128822,-72.40432739,-20.32312775,-64.9217453,-99.67051697,-104.4618378,-97.03179169,-152.4689026,-104.0354614,-62.8318634,-8.104643822,-19.49769402,-45.81360626,-33.30467987,-29.00005531,-81.15570068,-21.30215454,-5.465520382
-43.24033412,-131.2447857,-129.6667083,-88.26216676,-28.10876307,-8.23145601,-22.35414895,-16.9282749,-133.2272451,-177.7556129,-80.31978155,-66.66504854,-43.95813107,-6.441899272,-17.5617415,-37.78868325,-25.94213974,-150.9628821,-327.970524,-78.88755459,-3.807860262,6.276200873,5.509825328,2.732532751,-2.43532987,-155.8609679,-642.1414345,-147.30408,0.268208045,20.54972177,19.19948256,24.57586087,-205.54412,-138.6890121,-26.40232697,-209.8482575,-274.1609852,-3.063991736,-59.36649812,-32.06665579,-262.2692308,-424.3589744,-254.4230769,-652.8333333,-280.5384615,24.20512821,-13.06410256,-7.666666667,-83.79886906,-266.9338556,-196.3568168,-447.0252127,-73.80592447,13.68753891,20.32434115,11.23422909,-27.02885087,-31.22820148,-51.38513151,-190.9162545,-402.2330672,-111.2195833,-37.29656966,-28.80933755,-15.46601015,-26.51103816,-165.3388635,-634.7295095,-476.4962133,-587.8572328,-59.90956571,-2.497027908,6.537787969,-18.20737842,-360.9536167,-484.8218825,-163.4605604,-766.7375585,-68.8733582,23.71540249,-22.95073764,-49.89770084,-266.7094163,-591.230317,-198.7221505,-605.5564178,-105.2887138,-21.0188624,-23.35739439,-38.70426421,-184.3942668,-343.4419167,-198.2082507,-356.327067,-80.20418245,-16.43288425,-9.755205198,-35.34061595,-136.2276577,-183.9438663,-114.4043772,-641.083238,-131.7669598,-1.512356344,-11.89719009,-52.73684311,-27.15359879,-19.92915344,-18.47276306,-20.54543495,-39.83129883,-154.9797821,-27.95053101,-91.72711182,-140.2732239,-128.6188202,-120.4726257,-228.5942993,-163.5469666,-80.42678833,-26.90556717,-63.82899094,-274.7940674,-229.0655365,-120.1858902,-367.5083923,-74.52085114,-17.22318268
-59.90271595,-165.9409293,-161.802781,-125.7605162,-44.13132096,-15.83191617,-36.66350723,-24.32841495,-200.231341,-263.1019417,-111.2924757,-121.7583434,-62.44872573,-11.24560073,-22.4993932,-44.94842233,-36.69432314,-188.3744541,-398.2641921,-111.9388646,-14.97052402,4.413755459,2.980349345,-0.177947598,-9.301164247,-262.8653826,-954.0669185,-234.1489497,-15.13718404,21.64503809,14.31640007,23.80269399,-292.889795,-152.9988583,-52.70836731,-256.4214103,-368.5678247,-19.25792421,-93.44701789,-74.70249551,-360.6666667,-500.0641026,-354.9358974,-697.5,-392.1153846,10.52564103,-47.91025641,-44.88461538,-100.6872795,-366.2411289,-314.3337311,-480.8915231,-68.55467939,19.73791243,29.17145673,14.53071177,-26.31967148,-28.95896736,-53.86807968,-204.0581397,-416.0191616,-119.1298645,-36.15629783,-26.89007648,-7.103399691,-20.4348579,-195.4390799,-697.9384787,-547.0064696,-602.0235117,-68.5355492,2.338109036,19.54812061,-41.33141728,-447.9255306,-420.4444692,-144.457488,-901.6884009,-142.1328748,26.42304531,-11.59769915,-38.44018393,-302.1454515,-732.6344115,-272.8895433,-530.4674578,-97.68960599,-12.78072176,-13.14781256,-32.63234697,-217.3299848,-377.5147799,-238.7048844,-364.5980733,-90.83527961,-8.097538535,1.540253907,-44.04247977,-200.0195641,-215.5816337,-130.2408722,-665.2186949,-216.4428903,-8.816737643,-17.80742264,-86.79685211,-35.87149429,-24.03743935,-23.00715446,-26.12551308,-55.06891632,-229.8326111,-28.5253334,-96.46501923,-141.9172363,-121.6150513,-115.5260239,-235.6103668,-172.6897583,-80.15201569,-40.34191895,-98.2545929,-529.5789185,-443.6674194,-201.7755585,-619.2115479,-124.9064636,-28.93133736
-52.94162957,-135.782899,-135.4935477,-111.3589006,-40.91234432,-14.3405692,-28.57917771,-21.62706947,-144.4940837,-193.5929915,-89.57296723,-114.6074029,-50.07584951,-12.48543689,-19.9226335,-33.48695388,-39.88537118,-171.400655,-331.2368996,-118.4617904,-21.08296943,2.909388646,0.007641921,-3.368995633,-20.57464939,-219.8104146,-695.3537094,-215.1373483,-32.43978563,8.262766678,-1.923081662,8.008233917,-250.7101071,-134.8554341,-94.84510412,-203.1198282,-282.7926929,-25.67715979,-81.80498016,-84.28097646,-333.3974359,-414.2179487,-344.8974359,-552.3846154,-363.8461538,-6.653846154,-69.19230769,-68.65384615,-91.71456734,-317.398371,-299.7527495,-384.7655634,-66.84695995,16.52889604,16.79098361,6.733399045,-21.3682801,-21.97939237,-47.86897388,-172.441113,-319.6319867,-105.3839796,-30.20554343,-20.81743345,4.613992959,-7.452808216,-186.4648086,-570.8897878,-448.0714473,-465.559298,-61.89823774,7.669456494,32.87514791,-62.78752058,-433.6238054,-312.1902423,-110.9658999,-727.0984383,-185.6159592,26.27767534,2.447347739,-18.97347824,-263.7203006,-619.0502989,-261.124286,-370.1118631,-74.45787411,-2.285241207,-0.224450046,-24.73770548,-201.2130516,-309.635558,-212.1657037,-286.4883162,-87.45533924,0.614721672,6.028242938,-48.21848587,-218.5901516,-196.5222137,-114.6820997,-525.8996607,-243.2211074,-24.33181408,-18.31455994,-94.75019836,-34.9629364,-23.39451408,-23.1237278,-26.38532639,-54.27775574,-227.4911041,-22.68954659,-80.05792999,-110.4096909,-91.05739594,-86.97676849,-177.0026398,-135.4270782,-64.70926666,-36.35274887,-93.97523499,-597.3095093,-486.9299927,-201.2566528,-613.8048096,-137.5222321,-33.31661224
-35.98144351,-86.58345421,-90.14547592,-77.83559246,-30.34239484,-11.31788626,-18.27949782,-16.36207673,-59.22815534,-82.34496359,-47.46268204,-74.85740291,-27.41565534,-10.74711772,-13.57600121,-18.07236044,-32.60371179,-120.8941048,-209.5578603,-100.6320961,-21.72925764,-1.56768559,-3.532751092,-5.73580786,-27.30865896,-131.5852241,-446.2414735,-134.2495637,-34.52514322,-2.471633026,-11.57756514,-5.849428143,-148.5806557,-88.5379764,-90.33844397,-108.6068069,-139.9323112,-26.2664057,-55.70472462,-71.97085848,-229.3589744,-248.974359,-242.3205128,-319.1153846,-235.9871795,-21.20512821,-70.8974359,-77.80769231,-66.87232828,-188.976188,-199.5095455,-239.3319672,-60.99476032,6.529259182,-3.6713011,-5.262710106,-15.01054134,-14.14799145,-38.95879115,-127.526886,-202.9843857,-83.39071773,-23.69019093,-13.89795408,11.41441345,0.992910809,-153.6185865,-400.0028829,-314.5468829,-300.9708011,-52.19078673,10.13304817,35.01239965,-80.6657802,-361.4478168,-224.176138,-82.75866203,-455.4192219,-191.8267768,19.10282965,10.8266832,-8.680857918,-199.7985429,-410.0121234,-202.8954045,-231.0673303,-55.94230987,3.45597161,7.930015819,-23.72216671,-163.8733035,-217.9210703,-160.2244561,-197.3464748,-78.38815394,4.58111991,-2.707338007,-48.91946384,-190.7528224,-148.3207803,-79.56745522,-350.6894171,-198.7410529,-41.22140482,-12.60794163,-68.43400574,-24.67805862,-18.29347992,-18.51002502,-21.02239609,-36.51722717,-138.0533752,-15.30833817,-56.96042252,-71.60173798,-56.62138367,-53.10716629,-102.6153641,-87.27230072,-44.88968277,-18.30612755,-55.83474731,-415.70755,-314.6108093,-119.898613,-360.6763,-106.2605209,-27.7395401
-19.41391987,-39.89243735,-45.28955134,-42.03216126,-18.5531436,-8.75671485,-10.96836393,-10.71960186,4.559769417,5.690989078,-8.22193568,-31.24423544,-7.136377427,-7.448877427,-6.052639563,-4.191292476,-20.19323144,-60.22161572,-85.88864629,-68.75764192,-19.83296943,-3.983624454,-6.894104803,-6.725982533,-27.36902733,-37.71809614,-142.2977146,-40.86334983,-28.58553212,-11.07911542,-17.70448245,-16.97878894,-44.34230414,-32.06393737,-45.81770239,-17.98738651,-13.73272441,-22.2743435,-28.59647692,-48.48306421,-103.6410256,-67.62820513,-98.62820513,-72.35897436,-86.83333333,-30.3974359,-51.57692308,-72.25641026,-35.00944179,-51.16326001,-81.52407138,-74.31194231,-40.77199626,-3.574496784,-18.08404233,-14.08466487,-8.402864179,-6.710142879,-29.86033354,-90.85676686,-127.9555785,-62.86377005,-17.35761683,-6.878976258,11.94215821,0.912700914,-120.9327445,-292.8208214,-239.6281083,-196.2989253,-47.2059415,9.652716209,24.18159329,-89.95081789,-278.933282,-158.9504669,-58.55629935,-273.093146,-172.4942574,3.504326365,12.31334051,-11.34791656,-152.1953405,-271.4487539,-152.8011034,-151.2192314,-48.24494959,4.11309362,11.14089705,-26.5006338,-128.1594395,-154.6301542,-118.3104313,-135.8907225,-67.33754383,4.584408551,-14.46323565,-40.66276256,-130.9970964,-86.76802036,-36.6504261,-181.7935098,-113.0292744,-47.11906028,-5.204859734,-29.22627449,-12.45069981,-11.54021454,-11.86289978,-13.34895897,-14.80324554,-27.34694672,-9.066570282,-36.13181305,-39.87508774,-28.74188232,-25.67670822,-47.15368652,-49.28303146,-27.08572578,-1.524024487,-15.09303284,-140.1562347,-77.80712891,-27.75451279,-75.77483368,-57.67232513,-16.89257622
-5.637248037,-1.027059471,-6.729930476,-9.703596259,-7.694968239,-5.311358976,-3.469964488,-5.393937878,42.85588592,58.72390777,18.3439017,4.321146845,7.213440534,-3.694781553,0.021996359,5.344205097,-8.610262009,-4.056768559,21.68558952,-31.22598253,-16.52838428,-5.818777293,-9.233624454,-6.290393013,-22.34348371,36.37436603,138.9799183,27.96384058,-19.2176136,-14.83530112,-18.07108684,-20.99782345,34.03490458,15.89289404,-6.606100147,47.23258848,68.52166585,-15.24351656,-5.737889414,-22.97466427,11.82051282,85,32.14102564,135,38.53846154,-33.75641026,-30.28205128,-49.69230769,-1.756536626,60.05758456,18.01680847,73.40708653,-11.62720481,-10.17685204,-24.12118697,-17.81604067,-2.40156344,-0.550318028,-21.62175899,-63.42291633,-86.70265751,-45.53372327,-11.39220786,-0.172158175,10.9197678,-2.493492621,-95.70237947,-229.295284,-198.9213273,-134.9763542,-42.68534748,8.039714151,8.363535224,-86.76148598,-202.585568,-97.57096189,-34.01543213,-176.8512446,-140.6365415,-15.47205829,11.02931926,-17.61970311,-122.0289013,-213.9990208,-123.9611105,-100.4630252,-43.24256972,3.440521848,12.42766538,-26.71834686,-97.53977702,-113.3717789,-88.57718435,-91.59993679,-54.75494045,3.194981315,-18.20069609,-24.96729016,-64.64378888,-26.48719511,0.778820878,-17.93546341,-34.04893064,-39.30571923,-0.220105782,-1.010240674,-3.95381093,-5.610129833,-5.891161919,-6.614187717,-0.580795944,40.04760742,-3.901853323,-18.05811691,-14.2633543,-6.849228382,-5.498935699,-9.208708763,-19.14533615,-11.81200409,6.388756752,8.379516602,53.52026749,68.99353027,23.69227219,83.66022491,-17.40354156,-6.390327454
4.119091682,24.94165458,20.87680688,13.42757465,0.277497124,-2.601510529,1.422522883,-1.24748662,56.95024272,78.578125,32.85664442,26.01774879,14.76077063,-0.784132282,3.329490291,10.28595267,3.06768559,39.62882096,96.06659389,3.293668122,-8.279475983,-6.370087336,-9.048034934,-5.331877729,-14.96558592,69.89710684,256.0701012,64.32060943,-9.337631671,-13.47982588,-13.63243055,-18.83971582,81.96824879,45.63698146,13.50774751,83.03050073,111.8104714,-7.471211874,11.71010711,-0.293644321,88.23076923,161.7435897,109.0384615,257.2435897,113.1923077,-29.55128205,-11.85897436,-23.85897436,21.02453829,121.4210417,81.23443661,161.2286781,10.56349865,-13.29772774,-24.43831708,-17.6095663,2.770082483,4.449759965,-13.92667421,-38.3964729,-48.30693221,-29.40541764,-5.634220658,5.831769974,11.29679262,-3.994959256,-71.58308164,-157.4011713,-144.5308401,-73.25001222,-33.07807941,6.363923555,-4.603915348,-71.90455425,-132.1282558,-45.37915865,-13.65781536,-90.00956627,-102.0561993,-29.36394613,10.15537089,-18.57694833,-91.07233853,-160.6014359,-97.14551558,-49.27436217,-34.04868473,3.626097281,12.7551886,-22.86297003,-67.67956038,-72.68142887,-59.6514436,-49.46950626,-40.99592203,1.756971298,-13.61693153,-8.517878646,-10.76902981,19.47670474,24.89658608,112.9282351,17.0101797,-24.36141005,2.021012545,11.92838192,0.817252517,-1.329664707,-1.631632447,-1.828497887,5.639863491,60.39539719,0.638322592,-1.893211842,7.580834866,10.8489933,10.01469803,22.2780571,7.873951912,1.230890274,8.271444321,17.30810928,129.8258514,111.6824188,40.41492462,135.410965,7.44574213,0.613709807
10.87575651,41.79707898,40.16995949,29.09380783,5.965713,-0.536237683,5.097409093,2.083604261,59.12393811,81.38288835,38.94038228,36.22178398,16.82084345,2.359526699,5.888349515,12.96283374,10.14628821,68.28384279,142.7729258,29.25,-1.372270742,-1.918122271,-7.057860262,-4.278384279,-7.741586415,79.75441983,279.7744399,79.11814952,-1.15426788,-10.63290282,-8.728527135,-14.58093263,101.2355788,57.15723373,20.81628881,93.79785788,123.3835155,-0.823900397,21.17365302,14.59283423,126.1282051,185.8461538,134.5,295.3076923,147.4230769,-20.28205128,5.756410256,-1.435897436,32.42026354,141.0878294,111.6023553,193.456215,23.82024279,-13.3416684,-20.07947707,-14.21420419,6.945522042,8.340111077,-6.953366542,-16.7572938,-11.81016375,-14.99988679,-0.337322869,10.32033728,11.54110778,-3.924896283,-46.64677039,-86.43639541,-88.25444382,-15.79132858,-21.37603943,4.731362613,-13.10774748,-50.89583305,-74.00503518,-16.47695882,-1.959364835,-13.60093367,-62.31303726,-34.23868088,9.194758978,-15.24589047,-57.73432628,-93.58036409,-65.86617733,-4.981896715,-23.48759001,3.547013119,11.16799005,-17.88052012,-40.99139964,-36.04874104,-32.7456175,-15.85259845,-27.74832851,0.199276653,-7.221389472,3.460219457,23.43716821,44.1143829,36.05751394,169.0697569,46.24835611,-9.950180389,3.364570141,18.92007065,4.310979843,1.711762309,1.39308989,1.632456303,9.355820656,66.16700745,4.013427734,10.27734184,22.78120995,22.87696457,20.7485733,45.16238785,27.08538246,10.74856949,9.019896507,21.34069824,153.5145721,121.2666473,48.73534393,157.6172333,21.7101078,4.254416943
15.25708998,51.7465613,51.70577202,38.33946881,9.922898014,0.964087431,7.145575952,4.145275847,54.25712985,75.14745146,40.40882888,39.12135922,17.81659587,4.041262136,6.949484223,13.46617112,15.3558952,81.94104803,162.2052402,45.44104803,1.330786026,-1.411572052,-7.582969432,-3.605895197,-1.451037966,78.72423564,269.2984333,82.84125583,4.716022258,-7.661978193,-4.800271042,-10.45138704,102.2714076,59.13222422,24.11156418,91.15266678,117.6134943,3.681781112,24.64062415,22.74571848,141.3589744,191.5512821,138.9230769,297.1538462,148.9230769,-9.346153846,17.01282051,14.79487179,37.61963063,138.6115377,120.2241129,195.980857,31.66263748,-11.35204399,-13.93577506,-9.888981116,9.936466837,10.70616658,-1.271514475,-2.329280109,9.33921525,-3.986265131,3.99286106,12.74109489,10.19436296,-4.047727947,-25.7346387,-46.44232835,-58.86047863,14.642812,-13.20225706,3.584417233,-18.26750505,-29.65020293,-34.42893509,-2.035488612,5.14617679,13.65140295,-28.94067679,-32.84991616,7.263207958,-12.66306866,-33.049167,-52.08310829,-41.96086725,19.90208041,-15.84070753,2.444939281,8.3123045,-13.23046738,-21.62799863,-13.70562012,-14.60659653,3.544428615,-16.14084515,-1.263485103,-2.160367752,11.0834056,41.0567397,52.32447669,39.60345293,164.6594279,62.86914679,1.01278284,4.503395081,24.61401939,7.085645199,3.982294798,3.701518536,4.215929508,12.7131443,71.75346375,5.92936945,17.43198967,30.34796715,29.04441833,26.42892456,54.65423203,35.54580307,16.5578289,9.115624428,22.7125473,163.6067352,129.7437744,53.71624756,166.4507599,28.78832054,5.87795639
17.97231531,55.58935627,57.61008853,43.21525034,12.76549292,2.35940079,8.180288101,5.850447657,48.06113471,65.51425971,38.96268204,37.61635316,17.20009102,4.238319175,7.684617718,12.76774879,17.26200873,84.49126638,166.5644105,53.12554585,4.63209607,-3.186681223,-4.335152838,-2.36790393,3.870762407,74.83499312,247.5763742,80.74922486,9.027679103,-5.01412702,-1.537463296,-6.358390998,94.01679987,56.06159952,25.45566248,81.48121568,102.1000924,6.492035013,24.97591475,26.23199043,142.7948718,180.9102564,133.474359,273.025641,133.4358974,-0.076923077,17.17948718,22.43589744,38.26986927,125.8930276,116.452376,182.6216539,35.34431417,-8.383430172,-7.839437643,-5.544355675,11.7653104,11.39018499,3.164337006,7.499375137,20.63684017,4.204784718,7.081599266,13.51773646,8.498892788,-3.558538384,-10.29502357,-24.27986236,-43.49593432,27.55214341,-7.907822763,3.353424169,-19.69217115,-11.24139947,-7.19528194,15.79991054,12.80990132,10.6387913,-4.896186335,-29.04740362,5.415525655,-11.26970335,-17.55435898,-39.9595492,-28.54618188,34.55391028,-9.545885141,1.701226311,6.332145667,-7.811799409,-6.835754267,2.060619983,-1.971253781,18.92579417,-5.960209919,-1.728673927,2.701853377,16.50063541,49.40516797,54.46318076,39.46463268,154.7518184,69.18758415,8.945048514,4.89479208,26.48441505,8.411413193,5.576719761,5.322881222,5.848689556,14.23136044,69.46566772,7.06043911,21.91934586,34.38436127,32.34739304,29.27934074,56.64687347,39.13748169,20.45211411,7.685799122,20.55254745,153.1590118,121.4894867,48.96517944,146.9295502,29.98111343,6.543518066
18.71720102,54.27519632,58.09308258,43.83931876,13.66223178,3.181588556,8.452933527,6.540264092,39.59875607,54.5617415,34.99635922,33.41413835,15.03625607,4.618476942,7.165351942,11.70631068,15.19213974,78.66375546,154.2423581,54.12336245,5.850436681,-3.267467249,-2.265283843,-1.049126638,8.094597647,67.25592904,215.0242705,75.08593253,12.05702142,-2.992566888,0.58645613,-3.103960904,80.81074322,50.90626869,25.82259555,69.50834557,85.07508291,7.621921383,23.78002501,26.23764476,131.7820513,159.3205128,121.0512821,229.7820513,118.7692308,2.935897436,17.83333333,26.20512821,36.3256381,108.2222453,105.6931936,160.9219236,35.52562772,-5.97608425,-2.549699108,-1.653195684,12.66549792,11.09872061,6.87328678,17.569797,36.49749327,11.13512895,9.043005571,13.60455693,7.663214078,-1.427977106,3.169024485,8.640995616,-16.33304169,45.47969531,-1.523613331,3.397316808,-16.89670328,3.85758567,17.38066421,36.28285542,19.88518678,23.78066083,13.12726507,-23.49037121,4.583963983,-8.419519357,-2.609225666,-21.89456476,-15.32012275,50.86529488,-2.061579782,2.141651245,5.836517708,-1.632270971,8.195743266,22.7235828,12.32481202,38.59619248,2.988475702,-0.719173735,7.158322666,19.88667725,53.52624629,54.81252088,36.26668536,158.9993896,67.78435581,14.19617369,4.600344181,24.40915298,8.681517601,6.474051476,6.269202709,6.674826145,13.89394569,59.35955048,7.963594437,25.7337513,37.85115051,34.84736633,31.39264107,59.03476715,43.06412506,23.45120239,6.068531513,17.62299347,127.0637589,98.05587769,39.87802887,118.022934,28.66496658,6.771516323